Place overall,Place gender,Place category,Name,,Club,Runner no,Category,HALF,Finish time,,year
69,1,1,"» Duncan, Nicola (IRL)",,,426,18-39,01:15:39,02:33:28,,2014
1,1,1,"» Way, Steven (GBR)",,,943,18-39,01:07:21,02:16:27,,2014
191,2,2,"» Briscoe, Julie (GBR)",,,374,18-39,01:18:02,02:39:43,,2014
2,2,2,"» Gilbert, John (GBR)",,,851,18-39,01:07:21,02:16:46,,2014
197,3,3,"» Bird, Sara (GBR)",,,521,18-39,01:19:13,02:39:55,,2014
3,3,3,"» Pepper, Jon (GBR)",,,1043,18-39,01:07:56,02:19:59,,2014
4,4,4,"» Kay, Richard (GBR)",,,1076,18-39,01:09:16,02:20:54,,2014
208,4,4,"» Munn, Hayley (GBR)",,,273,18-39,01:20:04,02:40:35,,2014
370,5,5,"» Fletcher, Shona (GBR)",,,410,18-39,01:22:50,02:44:59,,2014
5,5,5,"» Rojas, Kevin (GBR)",,,1037,18-39,01:11:00,02:22:56,,2014
397,6,6,"» Grima, Claire (GBR)",,,227,18-39,01:20:49,02:45:51,,2014
6,6,6,"» Poole, Jonathan (GBR)",,,798,18-39,01:10:49,02:22:58,,2014
410,7,7,"» Konneh-Lahun, Mamie (SLE)",,,52584,18-39,01:19:03,02:46:20,,2014
7,7,7,"» McWhirter, Blair (NZL)",,,860,18-39,01:11:00,02:23:27,,2014
429,8,8,"» Emsley, Jennifer (GBR)",,,497,18-39,01:19:57,02:46:55,,2014
8,8,8,"» Martelletti, Paul (GBR)",,,912,18-39,01:07:57,02:23:36,,2014
452,9,9,"» Crawford, Megan (GBR)",,,440,18-39,01:18:17,02:47:21,,2014
9,9,9,"» Natali, Paolo (GBR)",,,880,18-39,01:09:16,02:23:57,,2014
10,10,10,"» Gierjatowicz, Patryk (GBR)",,,1059,18-39,01:12:25,02:24:27,,2014
454,10,10,"» Sharpe, Helen (GBR)",,,509,18-39,01:21:17,02:47:22,,2014
11,11,11,"» Renault, Neil (GBR)",,,1113,18-39,01:09:17,02:24:33,,2014
489,11,1,"» UGENA ARCICOLLAR, ELENA (ESP)",,,52585,40-44,01:22:24,02:48:18,,2014
517,12,11,"» Schaper, Marie (USA)",,,254,18-39,01:24:50,02:48:55,,2014
12,12,12,"» Scott, Richard (GBR)",,,965,18-39,01:10:49,02:24:46,,2014
526,13,12,"» McIntosh, Shona (GBR)",,,371,18-39,01:21:13,02:49:09,,2014
13,13,13,"» Milne, Alex (GBR)",,,1017,18-39,01:12:37,02:25:14,,2014
556,14,13,"» Gaunt, Helen (GBR)",,,221,18-39,01:25:30,02:49:43,,2014
14,14,14,"» Keal, Rob (GBR)",,,1049,18-39,01:12:08,02:25:50,,2014
15,15,15,"» Hoad, James (GBR)",,,917,18-39,01:13:01,02:26:17,,2014
564,15,14,"» Webster, Katy (GBR)",,,375,18-39,01:24:31,02:49:48,,2014
597,16,2,"» Cumber, Sarah Louise (GBR)",,,234,40-44,01:22:42,02:50:36,,2014
16,16,16,"» Vaughan, Alun (GBR)",,,887,18-39,01:09:52,02:26:30,,2014
611,17,15,"» Locks, Lesley (GBR)",,,377,18-39,01:22:47,02:50:47,,2014
17,17,17,"» Shearer, Ben (GBR)",,,961,18-39,01:13:22,02:26:52,,2014
18,18,18,"» Fellows, Donovan (USA)",,,1029,18-39,01:13:54,02:26:54,,2014
615,18,16,"» Williams, Sarah (GBR)",,,288,18-39,01:24:12,02:50:51,,2014
19,19,19,"» Collins, Matthew (GBR)",,,885,18-39,01:12:28,02:27:01,,2014
622,19,17,"» Martin, Claire (GBR)",,,381,18-39,01:22:13,02:50:54,,2014
661,20,3,"» Sesto, Valeria (ARG)",,,205,40-44,01:23:35,02:51:43,,2014
20,20,20,"» Vermeesch, Pieter (BEL)",,,896,18-39,01:10:14,02:27:07,,2014
21,21,21,"» Pollard, Mark (GBR)",,,869,18-39,01:13:28,02:27:08,,2014
664,21,18,"» Richens, Lucy (GBR)",,,431,18-39,01:26:03,02:51:46,,2014
22,22,22,"» KJALL - OHLSSON, MARTIN (NOR)",,,57850,18-39,01:12:32,02:27:37,,2014
665,22,19,"» Molinaro, Carla (GBR)",,,369,18-39,01:21:42,02:51:46,,2014
23,23,23,"» Cryer, Martyn (GBR)",,,915,18-39,01:12:47,02:27:39,,2014
682,23,20,"» Wangoi, Josephine Njoki (ITA)",,,58782,18-39,01:22:52,02:52:06,,2014
24,24,24,"» Cieluszecki, Jacek (GBR)",,,935,18-39,01:14:13,02:27:45,,2014
701,24,21,"» Reeves, Clare (GBR)",,,434,18-39,01:26:25,02:52:31,,2014
25,25,25,"» Douglas, Andrew (GBR)",,,881,18-39,01:09:17,02:27:48,,2014
785,25,4,"» Green, Nicola (GBR)",,,453,40-44,01:26:14,02:53:56,,2014
808,26,22,"» Barlow, Tracy (GBR)",,,544,18-39,01:27:24,02:54:13,,2014
26,26,26,"» Matthews, Phillip (GBR)",,,683,18-39,01:11:00,02:27:54,,2014
815,27,23,"» Harling, Leanne (GBR)",,,302,18-39,01:25:21,02:54:17,,2014
27,27,27,"» Pope, Robert (GBR)",,,893,18-39,01:14:40,02:27:57,,2014
838,28,5,"» Crowe, Emma (GBR)",,,250,40-44,01:25:31,02:54:33,,2014
28,28,1,"» Greenwood, Christopher (GBR)",,,913,40-44,01:14:07,02:27:59,,2014
856,29,24,"» Crawford, Victoria (GBR)",,,241,18-39,01:26:14,02:54:45,,2014
29,29,28,"» Spencer, Stuart (GBR)",,,755,18-39,01:09:16,02:28:01,,2014
884,30,25,"» Levene, Bel (GBR)",,,348,18-39,01:25:57,02:55:06,,2014
30,30,29,"» Mclellan, Kyle (GBR)",,,984,18-39,01:12:29,02:28:14,,2014
923,31,26,"» Barling, Jessica (GBR)",,,158,18-39,01:23:49,02:55:32,,2014
31,31,30,"» Jenkins, Tom (GBR)",,,907,18-39,01:13:13,02:28:18,,2014
32,32,31,"» Morgan, Dave (GBR)",,,1161,18-39,01:12:32,02:28:24,,2014
939,32,27,"» Morgan, Katherine (NZL)",,,512,18-39,01:25:40,02:55:45,,2014
949,33,28,"» Clarke-janssen, Anna (GBR)",,,27759,18-39,01:24:36,02:55:52,,2014
33,33,2,"» Lowe, Gareth (GBR)",,,812,40-44,01:11:21,02:28:34,,2014
34,34,32,"» Humphrey, Sam (GBR)",,,1013,18-39,01:14:47,02:28:48,,2014
951,34,1,"» Jacobsen, Ulla Binderup (DEN)",,,57907,45-49,01:27:45,02:55:55,,2014
964,35,29,"» Harris, Carly Ann (GBR)",,,19973,18-39,01:26:58,02:56:12,,2014
35,35,33,"» Stevens, Thomas (GBR)",,,721,18-39,01:14:36,02:28:54,,2014
36,36,34,"» Moore, Colm (IRL)",,,57418,18-39,01:14:22,02:29:22,,2014
969,36,30,"» Pelchat, Marianne (CAN)",,,26625,18-39,01:26:39,02:56:14,,2014
989,37,31,"» Jones, Katie (GBR)",,,258,18-39,01:28:49,02:56:33,,2014
37,37,3,"» Jones, Lee (GBR)",,,736,40-44,01:13:28,02:29:30,,2014
38,38,35,"» Turnbull, David (GBR)",,,1088,18-39,01:13:32,02:29:41,,2014
991,38,32,"» Webber, Wendy (GBR)",,,32921,18-39,01:26:57,02:56:34,,2014
998,39,33,"» Green, Tori (GBR)",,,532,18-39,01:28:06,02:56:37,,2014
39,39,36,"» Mqambeli, Siyabulela Siya (RSA)",,,27377,18-39,01:11:56,02:29:57,,2014
40,40,4,"» Dettmar, Christopher (GBR)",,,973,40-44,01:13:29,02:29:58,,2014
1025,40,2,"» Heslop, Maria (GBR)",,,458,45-49,01:26:22,02:56:57,,2014
41,41,5,"» Rouse, Adam (GBR)",,,703,40-44,01:14:24,02:30:20,,2014
1059,41,34,"» Waddell, Suni (GBR)",,,539,18-39,01:27:18,02:57:25,,2014
42,42,37,"» Breen, Graham (GBR)",,,730,18-39,01:15:34,02:31:20,,2014
1095,42,1,"» Johnson, Treena (GBR)",,,294,50-54,01:26:27,02:57:49,,2014
43,43,38,"» Douglas, Ben (GBR)",,,919,18-39,01:15:09,02:31:23,,2014
1117,43,35,"» Junnila, Elina (FIN)",,,56819,18-39,01:29:00,02:57:58,,2014
44,44,39,"» Boniface, Neil (GBR)",,,627,18-39,01:11:20,02:31:26,,2014
1122,44,36,"» Day, Claire (GBR)",,,436,18-39,01:27:56,02:58:01,,2014
1135,45,6,"» Hill, Sarah (GBR)",,,244,40-44,01:23:48,02:58:06,,2014
45,45,40,"» Saillard, Nicolas (GBR)",,,983,18-39,01:15:17,02:31:32,,2014
46,46,41,"» Polini, Josselin (FRA)",,,31273,18-39,01:14:21,02:31:35,,2014
1139,46,37,"» Ponder, Rosamund (GBR)",,,313,18-39,01:28:25,02:58:08,,2014
47,47,42,"» Kowenicki, Richard (GBR)",,,612,18-39,01:14:25,02:31:39,,2014
1148,47,7,"» Singer, Jo (GBR)",,,491,40-44,01:29:05,02:58:13,,2014
1156,48,38,"» Pemberton, Sarah (GBR)",,,462,18-39,01:27:22,02:58:21,,2014
48,48,6,"» RISA, SVEIN OVE (NOR)",,,57794,40-44,01:14:11,02:31:42,,2014
1157,49,39,"» Davis, Eleanor (GBR)",,,29892,18-39,01:28:39,02:58:21,,2014
49,49,43,"» Evangelidis, Dimosthenis (GRE)",,,976,18-39,01:12:17,02:31:54,,2014
1158,50,40,"» Charlton, Catherine Margaret (GBR)",,,151,18-39,01:29:19,02:58:22,,2014
50,50,44,"» Newton, Mark (GBR)",,,753,18-39,01:14:41,02:32:02,,2014
1182,51,41,"» Macgregor, Laura (GBR)",,,28206,18-39,01:28:25,02:58:30,,2014
51,51,45,"» O Shea, Alan (IRL)",,,1138,18-39,01:12:43,02:32:02,,2014
52,52,7,"» Griffiths, Paul (GBR)",,,635,40-44,01:14:35,02:32:04,,2014
1183,52,42,"» Holt, Toni (GBR)",,,350,18-39,01:26:26,02:58:30,,2014
53,53,46,"» Challenger, Andrew (GBR)",,,929,18-39,01:14:07,02:32:12,,2014
1196,53,3,"» Kelly, Samantha (GBR)",,,357,45-49,01:27:50,02:58:35,,2014
1209,54,43,"» Clements, Amy (GBR)",,,486,18-39,01:28:46,02:58:38,,2014
54,54,47,"» Rendall, Julian (GBR)",,,752,18-39,01:14:01,02:32:19,,2014
55,55,48,"» Burden, Phil (GBR)",,,789,18-39,01:14:40,02:32:29,,2014
1212,55,2,"» Steer, Deborah (GBR)",,,347,50-54,01:28:05,02:58:40,,2014
1217,56,44,"» Blizzard, Louise (GBR)",,,430,18-39,01:27:56,02:58:42,,2014
56,56,49,"» Mason, James (GBR)",,,827,18-39,01:13:36,02:32:29,,2014
57,57,50,"» Madar, Abdi (GBR)",,,888,18-39,01:16:14,02:32:30,,2014
1220,57,8,"» Prosser, Clare (GBR)",,,502,40-44,01:30:07,02:58:46,,2014
1237,58,45,"» Rutter, Tamsyn Clare (GBR)",,,184,18-39,01:26:35,02:58:55,,2014
58,58,51,"» Wilson, Chris (GBR)",,,1021,18-39,01:15:28,02:32:35,,2014
1239,59,9,"» Burke, Anthony (GBR)",,,31548,40-44,01:28:22,02:58:55,,2014
59,59,52,"» Wilson, Robert (GBR)",,,1108,18-39,01:14:34,02:32:44,,2014
1255,60,46,"» James, Leigh (GBR)",,,525,18-39,01:26:46,02:59:00,,2014
60,60,53,"» Steel, Daniel (GBR)",,,31593,18-39,01:13:34,02:32:46,,2014
1258,61,10,"» Chant, Ian (GBR)",,,31752,40-44,01:27:20,02:59:01,,2014
61,61,54,"» Kargbo, Idrissa (SLE)",,,52583,18-39,01:11:39,02:32:52,,2014
1264,62,47,"» Brockbank, Nikki (GBR)",,,307,18-39,01:28:52,02:59:03,,2014
62,62,55,"» Petitjean, Damien (FRA)",,,1153,18-39,01:14:25,02:32:56,,2014
1283,63,11,"» Glover, James Richard (GBR)",,,26529,40-44,01:28:38,02:59:11,,2014
63,63,56,"» Rodgers, Paul (GBR)",,,944,18-39,01:09:16,02:32:57,,2014
64,64,57,"» Laws, Olly (GBR)",,,870,18-39,01:12:50,02:33:08,,2014
1302,64,48,"» Yetton, Ami (GBR)",,,373,18-39,01:28:56,02:59:21,,2014
65,65,8,"» Affleck, Robert (GBR)",,,1023,40-44,01:15:34,02:33:16,,2014
1350,65,49,"» Mcewing, Alison (GBR)",,,455,18-39,01:27:51,02:59:39,,2014
1351,66,4,"» Mason, Debra (GBR)",,,41944,45-49,01:29:12,02:59:40,,2014
66,66,58,"» Meade, Richard (GBR)",,,1034,18-39,01:16:29,02:33:24,,2014
1354,67,50,"» Ault, Emily (GBR)",,,320,18-39,01:29:06,02:59:42,,2014
67,67,59,"» Renou, Ludovic (FRA)",,,1095,18-39,01:15:09,02:33:25,,2014
1356,68,51,"» Galea Holmes, Melissa (CAN)",,,528,18-39,01:29:01,02:59:42,,2014
68,68,60,"» Jackson, Anthony (GBR)",,,905,18-39,01:11:42,02:33:27,,2014
70,69,1,"» Reynolds, Ben (GBR)",,,952,50-54,01:15:30,02:33:53,,2014
1378,69,5,"» Swingler, Val (GBR)",,,473,45-49,01:27:20,02:59:54,,2014
1395,70,52,"» Lowery, Sarah (GBR)",,,283,18-39,01:30:42,03:00:01,,2014
71,70,61,"» Meacock, David (GBR)",,,650,18-39,01:15:58,02:33:54,,2014
72,71,62,"» Burn, Andy (GBR)",,,1011,18-39,01:15:09,02:34:00,,2014
1398,71,53,"» Wynn, Elizabeth (GBR)",,,262,18-39,01:27:57,03:00:02,,2014
73,72,63,"» Beattie, Ben (GBR)",,,631,18-39,01:16:02,02:34:01,,2014
1423,72,54,"» Meeten, Kirstie (GBR)",,,504,18-39,01:26:34,03:00:19,,2014
74,73,64,"» Dziewinski, Damian (POL)",,,769,18-39,01:12:40,02:34:04,,2014
1457,73,55,"» Spalton, Mary Grace (USA)",,,287,18-39,01:26:39,03:00:44,,2014
75,74,65,"» Gibbins, Alex (GBR)",,,999,18-39,01:15:37,02:34:13,,2014
1458,74,56,"» Oldroyd, Hannah (GBR)",,,334,18-39,01:30:41,03:00:45,,2014
1462,75,6,"» Rushton, Karen (GBR)",,,441,45-49,01:30:31,03:00:47,,2014
76,75,66,"» Thompson, Peter (GBR)",,,861,18-39,01:16:15,02:34:16,,2014
1471,76,57,"» Drake, Giedre (LTU)",,,404,18-39,01:26:37,03:00:51,,2014
77,76,67,"» Newman, Zac (AUS)",,,33098,18-39,01:12:04,02:34:25,,2014
78,77,68,"» Connell, David (GBR)",,,1136,18-39,01:16:56,02:34:30,,2014
1479,77,58,"» Gelder, Emily (GBR)",,,413,18-39,01:29:13,03:00:59,,2014
79,78,69,"» Robinson, Daniel (GBR)",,,729,18-39,01:15:58,02:34:31,,2014
1484,78,59,"» Ward, Katy (GBR)",,,308,18-39,01:25:43,03:01:02,,2014
1485,79,60,"» Lewis, Rebecca (GBR)",,,32697,18-39,01:29:01,03:01:03,,2014
80,79,70,"» Reason, Robert (GBR)",,,1147,18-39,01:15:20,02:34:32,,2014
81,80,71,"» Carter, Tim (GBR)",,,806,18-39,01:16:01,02:34:47,,2014
1488,80,61,"» Spence, Laura (GBR)",,,44409,18-39,01:26:17,03:01:09,,2014
82,81,72,"» Mcmullan, James (GBR)",,,876,18-39,01:12:06,02:34:49,,2014
1547,81,7,"» Morrall, Zelah (GBR)",,,289,45-49,01:29:04,03:01:50,,2014
1559,82,12,"» Jesson, Maree (GBR)",,,239,40-44,01:27:19,03:01:56,,2014
83,82,73,"» Leveson, Andrew (GBR)",,,895,18-39,01:17:30,02:34:55,,2014
84,83,74,"» Lennox, Gordon (GBR)",,,747,18-39,01:13:47,02:34:55,,2014
1563,83,62,"» Morwood, Sarah (GBR)",,,432,18-39,01:29:26,03:02:00,,2014
1564,84,63,"» Mullins, Sophie (GBR)",,,459,18-39,01:27:40,03:02:03,,2014
85,84,75,"» Oliveira, Jorge Rafael (POR)",,,31956,18-39,01:16:10,02:34:58,,2014
86,85,76,"» Clark, Anthony (GBR)",,,848,18-39,01:17:23,02:34:59,,2014
1574,85,64,"» Gordon, Jillian (GBR)",,,261,18-39,01:29:28,03:02:11,,2014
87,86,77,"» Fitzpatrick, David (IRL)",,,968,18-39,01:17:31,02:35:03,,2014
1578,86,13,"» Ryder, Sharon (AUS)",,,367,40-44,01:24:33,03:02:15,,2014
1589,87,65,"» Morgan, Kelly (GBR)",,,396,18-39,01:28:37,03:02:27,,2014
88,87,9,"» Thursby-Pelham, Brian (GBR)",,,24775,40-44,01:16:50,02:35:03,,2014
89,88,78,"» Dunajko, Adam (GBR)",,,830,18-39,01:15:56,02:35:08,,2014
1591,88,66,"» Shirley, Marie (GBR)",,,376,18-39,01:29:23,03:02:31,,2014
1607,89,14,"» Forbes, Jennifer (GBR)",,,418,40-44,01:30:12,03:02:45,,2014
90,89,79,"» Langley, Jamie (GBR)",,,788,18-39,01:15:30,02:35:09,,2014
91,90,10,"» Fernandez, Paul (GBR)",,,801,40-44,01:13:47,02:35:18,,2014
1634,90,67,"» Venn, Michele (GBR)",,,298,18-39,01:26:59,03:03:18,,2014
1641,91,15,"» Lawton, Jayne (GBR)",,,192,40-44,01:29:26,03:03:23,,2014
92,91,80,"» Speck, Dennis (GBR)",,,1100,18-39,01:16:27,02:35:23,,2014
1647,92,68,"» Davis, Julia (GBR)",,,28510,18-39,01:31:37,03:03:28,,2014
93,92,81,"» Grant, Daniel (GBR)",,,32127,18-39,01:16:04,02:35:27,,2014
94,93,82,"» Scott, Roy (GBR)",,,1168,18-39,01:15:43,02:35:28,,2014
1656,93,16,"» Young, Ali (GBR)",,,204,40-44,01:29:38,03:03:33,,2014
1666,94,69,"» Bunting, Rebecca (GBR)",,,325,18-39,01:29:18,03:03:41,,2014
95,94,83,"» Green, Ben (GBR)",,,942,18-39,01:15:15,02:35:30,,2014
96,95,84,"» Amouroux, Nicolas (FRA)",,,1120,18-39,01:15:08,02:35:31,,2014
1671,95,70,"» Mckimmie, Amie (GBR)",,,319,18-39,01:25:12,03:03:44,,2014
97,96,85,"» Oboyle, Daniel (GBR)",,,977,18-39,01:16:45,02:35:32,,2014
1690,96,71,"» Sykes, Nicola (GBR)",,,448,18-39,01:27:47,03:03:55,,2014
1698,97,72,"» Delderfield, Sophie (GBR)",,,242,18-39,01:27:08,03:04:02,,2014
98,97,2,"» Rackham, Nigel (GBR)",,,1048,50-54,01:17:47,02:35:33,,2014
1713,98,73,"» Denneny, Carla (GBR)",,,306,18-39,01:29:32,03:04:13,,2014
99,98,86,"» Wilkins, Mark (GBR)",,,605,18-39,01:17:23,02:35:34,,2014
1742,99,8,"» Sommer, Daniela (SUI)",,,58042,45-49,01:30:22,03:04:28,,2014
100,99,87,"» Wallis, Patrick (GBR)",,,833,18-39,01:17:21,02:35:42,,2014
101,100,88,"» Barwood, Martin J (GBR)",,,890,18-39,01:15:44,02:35:47,,2014
1749,100,74,"» Johnson, Sarah (GBR)",,,346,18-39,01:26:03,03:04:33,,2014
1751,101,75,"» Chalk, Amy (GBR)",,,351,18-39,01:24:04,03:04:34,,2014
102,101,11,"» Gooding, Ian (GBR)",,,811,40-44,01:15:09,02:35:48,,2014
103,102,12,"» Banks, Tony (GBR)",,,824,40-44,01:15:18,02:35:52,,2014
1752,102,17,"» Banks, Andrea (GBR)",,,395,40-44,01:31:08,03:04:37,,2014
1756,103,76,"» Jones, Nerys (GBR)",,,389,18-39,01:31:16,03:04:38,,2014
104,103,89,"» Middleton, Daniel (GBR)",,,930,18-39,01:18:03,02:35:57,,2014
105,104,13,"» Dickinson, Mark (GBR)",,,779,40-44,01:17:36,02:35:58,,2014
1758,104,77,"» Farrell, Gemma Elizabeth (GBR)",,,51884,18-39,01:30:19,03:04:39,,2014
106,105,90,"» Blake, Dominic (GBR)",,,32766,18-39,01:16:30,02:36:02,,2014
1767,105,78,"» Howells, Louise (GBR)",,,29241,18-39,01:30:34,03:04:43,,2014
107,106,91,"» hargreaves, michael (GBR)",,,883,18-39,01:13:45,02:36:05,,2014
1800,106,79,"» McLennan, Zoe (GBR)",,,31966,18-39,01:31:27,03:05:01,,2014
1802,107,80,"» Broadbent, Victoria (GBR)",,,465,18-39,,03:05:02,,2014
108,107,92,"» Inskip, Andrew (GBR)",,,773,18-39,01:12:26,02:36:08,,2014
109,108,1,"» hall, stuart (GBR)",,,1148,45-49,01:15:40,02:36:20,,2014
1808,108,81,"» Mccartney, Tracy (GBR)",,,435,18-39,01:28:56,03:05:06,,2014
110,109,93,"» Leaney, Stuart (GBR)",,,708,18-39,01:18:15,02:36:25,,2014
1811,109,18,"» Sharratt, Tracey Ann (GBR)",,,18591,40-44,01:32:54,03:05:07,,2014
1817,110,19,"» Jefferson, Nicky (GBR)",,,517,40-44,01:28:40,03:05:10,,2014
111,110,2,"» LACHEVRE, ERIC (FRA)",,,57131,45-49,01:16:46,02:36:27,,2014
112,111,94,"» Harris, Mark (GBR)",,,739,18-39,01:12:29,02:36:27,,2014
1823,111,82,"» Kiriluk, Sarah (BEL)",,,249,18-39,01:30:08,03:05:13,,2014
113,112,95,"» Marks, Kyle (USA)",,,1006,18-39,01:15:15,02:36:30,,2014
1829,112,83,"» O'Rourke, Mairead (IRL)",,,215,18-39,01:27:58,03:05:17,,2014
1833,113,84,"» Edwards, Melanie (GBR)",,,417,18-39,01:29:47,03:05:20,,2014
114,113,14,"» Walsh, Crispin (GBR)",,,636,40-44,01:17:34,02:36:31,,2014
115,114,3,"» Rowlands, Darren (GBR)",,,816,45-49,01:15:56,02:36:32,,2014
1837,114,85,"» Watts, Amelia (GBR)",,,28149,18-39,01:31:29,03:05:23,,2014
116,115,96,"» Jones, Nick (GBR)",,,31400,18-39,01:18:41,02:36:37,,2014
1855,115,20,"» VILLA, ELISABETTA (ITA)",,,56582,40-44,01:29:55,03:05:38,,2014
1869,116,86,"» Antcliffe, Emily (GBR)",,,330,18-39,01:31:20,03:05:50,,2014
117,116,97,"» Weston, Rick (GBR)",,,724,18-39,01:14:28,02:36:38,,2014
118,117,98,"» Cracknell, Andrew (GBR)",,,1045,18-39,01:18:52,02:36:56,,2014
1871,117,87,"» Samuelson, Katie (GBR)",,,200,18-39,01:32:42,03:05:50,,2014
1876,118,9,"» Goble, Sally Ann (GBR)",,,543,45-49,01:30:18,03:05:52,,2014
119,118,99,"» Law, Will (GBR)",,,1191,18-39,01:18:55,02:36:58,,2014
120,119,100,"» HAUGHIAN, TIM (GBR)",,,1176,18-39,01:17:08,02:36:58,,2014
1882,119,10,"» Sykes, Margaret (GBR)",,,270,45-49,01:31:39,03:05:55,,2014
1886,120,21,"» Manir-Jolley, Lynn Mary (GBR)",,,55523,40-44,01:32:18,03:05:58,,2014
121,120,101,"» Rogers, Alex (AUS)",,,663,18-39,01:16:06,02:37:00,,2014
122,121,102,"» Shute, Rupert (GBR)",,,1158,18-39,01:16:03,02:37:01,,2014
1894,121,11,"» Wallington, Helen Claire (GBR)",,,175,45-49,01:31:30,03:06:04,,2014
1921,122,88,"» MADELLA, GIULIA (ITA)",,,58429,18-39,01:32:11,03:06:20,,2014
123,122,103,"» Palmer, Charlie (GBR)",,,969,18-39,01:17:33,02:37:01,,2014
1922,123,89,"» Berditchevskaia, Alexandra (GBR)",,,29152,18-39,01:31:27,03:06:20,,2014
124,123,4,"» Southern, Greg (GBR)",,,1060,45-49,01:16:56,02:37:04,,2014
125,124,104,"» Fewell, David (GBR)",,,25030,18-39,01:16:39,02:37:06,,2014
1925,124,90,"» JEREMIAH, CATHERINE (AUS)",,,490,18-39,01:30:02,03:06:22,,2014
1927,125,22,"» Daniels, Wendy Ann (GBR)",,,3007,40-44,01:30:48,03:06:24,,2014
126,125,105,"» Thomas, Colin (GBR)",,,1137,18-39,01:17:46,02:37:11,,2014
127,126,106,"» Griffiths, Thomas (GBR)",,,902,18-39,01:18:38,02:37:13,,2014
1930,126,23,"» Mcdonald, Candice (GBR)",,,160,40-44,01:30:15,03:06:26,,2014
1936,127,3,"» Masterman, Julie (GBR)",,,225,50-54,01:32:22,03:06:30,,2014
128,127,107,"» Whitmore, Tom (GBR)",,,786,18-39,01:15:15,02:37:21,,2014
1943,128,91,"» Ludlow Taylor, Sam (GBR)",,,406,18-39,01:29:56,03:06:33,,2014
129,128,15,"» Ogden, Kevin (GBR)",,,32935,40-44,01:17:45,02:37:27,,2014
1946,129,12,"» Price, Fiona (GBR)",,,265,45-49,01:30:15,03:06:35,,2014
130,129,16,"» Whitelegg, Richard (GBR)",,,1090,40-44,01:16:26,02:37:27,,2014
1970,130,13,"» Roberts, Shan (GBR)",,,388,45-49,01:30:28,03:06:50,,2014
131,130,108,"» Sharp, Stuart (GBR)",,,709,18-39,01:18:12,02:37:31,,2014
1972,131,92,"» Dennison, Kelly Louise (GBR)",,,27732,18-39,01:30:28,03:06:52,,2014
132,131,109,"» Price, Stephen (GBR)",,,924,18-39,01:17:00,02:37:32,,2014
1985,132,93,"» Cave, Rachel (GBR)",,,260,18-39,01:29:05,03:06:58,,2014
133,132,110,"» James, Peter (GBR)",,,32044,18-39,01:18:02,02:37:33,,2014
134,133,111,"» Campbell, Scott (GBR)",,,735,18-39,01:18:11,02:37:36,,2014
1996,133,24,"» Poole, Julie (GBR)",,,401,40-44,01:29:57,03:07:08,,2014
135,134,112,"» Savage, James (GBR)",,,1012,18-39,01:14:57,02:37:37,,2014
2002,134,25,"» Winter, Sarah (GBR)",,,533,40-44,01:31:40,03:07:11,,2014
2008,135,14,"» Goorney, Joanna (GBR)",,,387,45-49,01:27:03,03:07:16,,2014
136,135,113,"» Jones, Daniel (GBR)",,,825,18-39,01:18:05,02:37:40,,2014
2011,136,26,"» Leech, Sharon (GBR)",,,303,40-44,01:30:16,03:07:19,,2014
137,136,5,"» SENAC, PIERRE (FRA)",,,58272,45-49,01:14:09,02:37:40,,2014
138,137,114,"» Connolly, Kevin (GBR)",,,701,18-39,01:18:35,02:37:47,,2014
2016,137,94,"» Lee, Eloise (GBR)",,,390,18-39,01:32:21,03:07:21,,2014
139,138,115,"» Clark, Jim (GBR)",,,847,18-39,01:18:43,02:37:48,,2014
2056,138,27,"» Rees, Katherine (GBR)",,,29902,40-44,01:30:07,03:07:44,,2014
140,139,17,"» Cawley, Joe (IRL)",,,31523,40-44,01:18:28,02:37:51,,2014
2069,139,95,"» Gill, Susannah (GBR)",,,30042,18-39,01:31:03,03:07:51,,2014
141,140,116,"» Cole, Ben (GBR)",,,1032,18-39,01:13:32,02:37:51,,2014
2084,140,96,"» Hodson, Emma (GBR)",,,332,18-39,01:31:35,03:08:03,,2014
2088,141,97,"» Loosemore, Georgina Coralie (GBR)",,,19338,18-39,01:31:31,03:08:05,,2014
142,141,117,"» Richmond, Aaron (GBR)",,,633,18-39,01:14:59,02:37:52,,2014
143,142,18,"» Lunn, Paul (GBR)",,,875,40-44,01:18:34,02:37:57,,2014
2095,142,98,"» Matson, Robyn (GBR)",,,454,18-39,01:31:23,03:08:12,,2014
144,143,118,"» Pickburn, Alastair (GBR)",,,645,18-39,01:18:16,02:38:00,,2014
2109,143,28,"» Wilkinson, Carolyn Sian (GBR)",,,470,40-44,01:30:19,03:08:23,,2014
145,144,119,"» Evans, Benjamin (GBR)",,,784,18-39,01:16:25,02:38:01,,2014
2140,144,99,"» Stevenson, Emma (GBR)",,,28296,18-39,01:31:19,03:08:39,,2014
2156,145,29,"» Doherty, claire (GBR)",,,542,40-44,01:32:12,03:08:45,,2014
146,145,120,"» Merrylees, Chris (GBR)",,,616,18-39,01:17:42,02:38:13,,2014
147,146,19,"» Cheetham, Paul (GBR)",,,791,40-44,01:17:48,02:38:19,,2014
2166,146,100,"» Liebnitz, Sarah (GBR)",,,485,18-39,01:29:16,03:08:47,,2014
148,147,121,"» Belfield, Peter (GBR)",,,32191,18-39,01:17:16,02:38:19,,2014
2181,147,101,"» Wykes, Isobel (GBR)",,,282,18-39,01:30:16,03:08:55,,2014
2182,148,102,"» Gibson, Melissah (AUS)",,,32130,18-39,01:32:03,03:08:55,,2014
149,148,20,"» Ramsay, Grant (GBR)",,,889,40-44,01:16:03,02:38:21,,2014
150,149,122,"» Evans, Dave (GBR)",,,32302,18-39,01:16:11,02:38:24,,2014
2191,149,103,"» Shackleton, Zoe (GBR)",,,31510,18-39,01:30:20,03:09:00,,2014
151,150,123,"» Lawrence, Andrew (GBR)",,,1082,18-39,01:15:34,02:38:25,,2014
2192,150,104,"» Woolf, Chloe (GBR)",,,29101,18-39,01:30:06,03:09:00,,2014
152,151,124,"» Jordan, Chris (GBR)",,,897,18-39,01:16:01,02:38:26,,2014
2215,151,30,"» KOTAR ILIJAS, JANA (SLO)",,,58555,40-44,01:33:57,03:09:13,,2014
153,152,21,"» Addison, Jim (GBR)",,,845,40-44,01:17:41,02:38:29,,2014
2219,152,105,"» Tolmachova, Anna (UKR)",,,30181,18-39,01:32:48,03:09:15,,2014
154,153,125,"» Horton, Steven (GBR)",,,31305,18-39,01:19:50,02:38:30,,2014
2231,153,15,"» Russell, Fiona (GBR)",,,416,45-49,01:31:55,03:09:22,,2014
155,154,22,"» Cockerell, Will (GBR)",,,781,40-44,01:17:31,02:38:30,,2014
2248,154,106,"» Cone, Joanne (GBR)",,,24748,18-39,01:34:15,03:09:32,,2014
156,155,126,"» Bell, Wayne Peter (GBR)",,,618,18-39,01:16:13,02:38:32,,2014
2251,155,107,"» Newstead, Rachel (GBR)",,,28200,18-39,01:31:55,03:09:33,,2014
157,156,127,"» Brooks, Alex (GBR)",,,837,18-39,01:15:44,02:38:35,,2014
2253,156,31,"» Kristiansen, Lara (GBR)",,,28854,40-44,01:33:03,03:09:34,,2014
2258,157,16,"» Malir, Sally Sarah (GBR)",,,324,45-49,01:33:12,03:09:36,,2014
158,157,128,"» Pearch, Sam (GBR)",,,1075,18-39,01:17:55,02:38:36,,2014
159,158,3,"» Downs, Rob (GBR)",,,803,50-54,01:16:25,02:38:36,,2014
2261,158,108,"» Greenwood, Russell William (GBR)",,,4860,18-39,01:33:59,03:09:39,,2014
2271,159,109,"» Chalmers, Ruth (GBR)",,,368,18-39,01:32:10,03:09:45,,2014
160,159,129,"» Hoare, Martin (IRL)",,,32423,18-39,01:19:41,02:38:42,,2014
161,160,130,"» Horton, Alex (GBR)",,,1123,18-39,01:17:41,02:38:44,,2014
2274,160,110,"» Richardson, Patricia (GBR)",,,29256,18-39,01:32:35,03:09:47,,2014
162,161,23,"» Jones, Brad (GBR)",,,623,40-44,01:19:01,02:38:50,,2014
2275,161,111,"» Lewis, Sarah (GBR)",,,28779,18-39,01:35:52,03:09:47,,2014
2278,162,17,"» Enhard, Susanne (GBR)",,,181,45-49,01:32:10,03:09:50,,2014
163,162,131,"» Hatcher, Julian (GBR)",,,622,18-39,01:15:46,02:38:54,,2014
164,163,24,"» Thomas, Justin (GBR)",,,1098,40-44,01:17:11,02:38:57,,2014
2279,163,112,"» Wilson, Katherine (GBR)",,,27921,18-39,01:30:20,03:09:51,,2014
165,164,132,"» French, George (GBR)",,,1195,18-39,01:18:11,02:38:58,,2014
2288,164,113,"» Turrell, Helen (GBR)",,,32167,18-39,01:33:55,03:09:56,,2014
2305,165,18,"» Keavney, Jacqueline (GBR)",,,230,45-49,01:30:44,03:10:04,,2014
166,165,133,"» Pyatt, Matt (GBR)",,,778,18-39,01:18:39,02:39:01,,2014
2314,166,32,"» Bailey, Tina (GBR)",,,193,40-44,01:32:27,03:10:07,,2014
167,166,134,"» Carse, Bruce (GBR)",,,782,18-39,01:18:38,02:39:02,,2014
168,167,6,"» Bulloch, Wayne (AUS)",,,829,45-49,01:19:31,02:39:03,,2014
2317,167,19,"» Murdoch, Gail (GBR)",,,420,45-49,01:31:42,03:10:08,,2014
2323,168,33,"» Hesketh, Jo (GBR)",,,514,40-44,01:32:47,03:10:14,,2014
169,168,135,"» Smeby, Kenneth (NOR)",,,55920,18-39,01:13:52,02:39:04,,2014
2326,169,114,"» Brown, Emma (GBR)",,,208,18-39,01:31:37,03:10:15,,2014
170,169,136,"» Rowlinson, Callum (GBR)",,,741,18-39,,02:39:08,,2014
171,170,137,"» Clark, Joseph (GBR)",,,1189,18-39,01:17:43,02:39:09,,2014
2331,170,115,"» Mackenzie, Keri (GBR)",,,428,18-39,01:31:47,03:10:16,,2014
172,171,25,"» Holmes, Sean (GBR)",,,1065,40-44,01:15:30,02:39:13,,2014
2333,171,116,"» Somerton, Claire (GBR)",,,195,18-39,01:29:43,03:10:17,,2014
173,172,138,"» Evans, Mike (GBR)",,,1009,18-39,01:17:57,02:39:13,,2014
2336,172,34,"» Powell, Debbie (GBR)",,,338,40-44,01:32:25,03:10:20,,2014
174,173,139,"» Hatswell, Anthony (GBR)",,,31129,18-39,01:18:29,02:39:15,,2014
2351,173,35,"» RUSSO, PATRIZIA (FRA)",,,57201,40-44,01:35:46,03:10:28,,2014
2355,174,36,"» Baxter, Marie (GBR)",,,28454,40-44,01:34:15,03:10:31,,2014
175,174,7,"» Lound, Charles (GBR)",,,1099,45-49,01:19:27,02:39:19,,2014
2361,175,37,"» Aertebjerg, Sysser (DEN)",,,475,40-44,01:32:27,03:10:32,,2014
176,175,140,"» Williams, Craig (GBR)",,,979,18-39,01:17:37,02:39:21,,2014
2362,176,4,"» Mair, Angharad (GBR)",,,27070,50-54,01:32:23,03:10:33,,2014
177,176,4,"» Murtagh, Stephen (GBR)",,,766,50-54,01:18:49,02:39:22,,2014
178,177,141,"» Dashper, Wayne (GBR)",,,799,18-39,01:16:35,02:39:24,,2014
2375,177,117,"» Heyns, Frani (RSA)",,,29008,18-39,01:37:10,03:10:40,,2014
179,178,142,"» Jolly, Luc (GBR)",,,1917,18-39,01:19:08,02:39:26,,2014
2385,178,118,"» Robinson, Jenny (GBR)",,,275,18-39,01:29:53,03:10:43,,2014
2389,179,119,"» Grant, Sophie (GBR)",,,352,18-39,01:30:22,03:10:45,,2014
180,179,8,"» Jackson, Anthony (GBR)",,,711,45-49,01:17:31,02:39:27,,2014
2397,180,120,"» Combe, Joanne (GBR)",,,526,18-39,01:34:41,03:10:48,,2014
181,180,5,"» Mason, Adrian Kevin (GBR)",,,608,50-54,01:17:42,02:39:28,,2014
2398,181,121,"» Siruffo, Cecilia (ESP)",,,478,18-39,01:32:45,03:10:48,,2014
182,181,143,"» Tuer, Robert (GBR)",,,31401,18-39,01:18:11,02:39:29,,2014
183,182,26,"» Halford, Paul (GBR)",,,822,40-44,01:19:50,02:39:30,,2014
2409,182,122,"» Morris, Pamela (GBR)",,,366,18-39,01:31:15,03:10:54,,2014
2420,183,123,"» Martin, Nina (GBR)",,,29652,18-39,01:36:43,03:10:59,,2014
184,183,144,"» Reed, Stuart (GBR)",,,702,18-39,01:16:23,02:39:31,,2014
2439,184,124,"» Frith, Vikki (GBR)",,,484,18-39,01:29:58,03:11:08,,2014
185,184,145,"» Pennington, Charles (GBR)",,,1061,18-39,01:20:50,02:39:31,,2014
2459,185,125,"» Evans, Mel (GBR)",,,339,18-39,01:27:43,03:11:22,,2014
186,185,146,"» Mier Alonso, Javier (ESP)",,,55763,18-39,01:18:04,02:39:34,,2014
2463,186,38,"» Maguire, Sarah (GBR)",,,28729,40-44,01:33:27,03:11:24,,2014
187,186,147,"» Oddy, Christopher Philip (GBR)",,,30926,18-39,01:17:42,02:39:36,,2014
2476,187,126,"» Manning, Hayley (GBR)",,,28453,18-39,01:30:41,03:11:35,,2014
188,187,148,"» Manning, Julian (GBR)",,,795,18-39,01:16:37,02:39:39,,2014
2483,188,127,"» Macdonald, Lorna (GBR)",,,30067,18-39,01:34:34,03:11:37,,2014
189,188,149,"» Selya-Hammer, Carl (GBR)",,,1165,18-39,01:17:11,02:39:40,,2014
2487,189,128,"» Doak, Karen (GBR)",,,259,18-39,01:32:40,03:11:42,,2014
190,189,27,"» Wartnaby, Charles (GBR)",,,637,40-44,01:19:38,02:39:43,,2014
2508,190,129,"» Omand, Elaine (GBR)",,,386,18-39,01:29:35,03:11:51,,2014
192,190,150,"» Parkinson, Fintan (GBR)",,,1074,18-39,01:19:31,02:39:44,,2014
2513,191,130,"» Kimble, Grace (GBR)",,,218,18-39,01:30:08,03:11:54,,2014
193,191,28,"» Simpson, Andy (GBR)",,,1182,40-44,01:16:55,02:39:45,,2014
194,192,9,"» Freeman, David (GBR)",,,695,45-49,01:18:15,02:39:45,,2014
2519,192,39,"» Horton, Tracey (GBR)",,,322,40-44,01:35:06,03:11:56,,2014
2525,193,131,"» Clegg, Lindsey (GBR)",,,31309,18-39,01:31:12,03:11:58,,2014
195,193,151,"» Thomas, Deri (GBR)",,,725,18-39,01:17:41,02:39:54,,2014
2532,194,132,"» Allison, Lorna Dawn (GBR)",,,29502,18-39,01:37:06,03:12:00,,2014
196,194,152,"» O'Shea, James (GBR)",,,759,18-39,01:18:18,02:39:55,,2014
198,195,29,"» Landon, Guy (GBR)",,,722,40-44,01:20:06,02:40:00,,2014
2539,195,40,"» Zubizarreta, Maria (PAR)",,,271,40-44,01:35:32,03:12:03,,2014
2545,196,133,"» Finney, Jasmine (GBR)",,,23429,18-39,01:37:04,03:12:06,,2014
199,196,30,"» Hope, Richard (GBR)",,,1142,40-44,01:18:39,02:40:07,,2014
2547,197,41,"» Ryder, Sarah (GBR)",,,31027,40-44,01:33:28,03:12:08,,2014
200,197,153,"» Schramm, CEDRIC (FRA)",,,632,18-39,01:15:27,02:40:10,,2014
201,198,154,"» Farmer, Stuart (GBR)",,,665,18-39,01:19:32,02:40:20,,2014
2550,198,134,"» Lee, Ava (GBR)",,,243,18-39,01:31:57,03:12:09,,2014
2552,199,135,"» Holmes, Emma (GBR)",,,29654,18-39,01:31:26,03:12:10,,2014
202,199,31,"» MacIntosh, Keith (GBR)",,,31485,40-44,01:20:26,02:40:22,,2014
203,200,155,"» Kimber, Stephen (GBR)",,,706,18-39,01:16:43,02:40:23,,2014
2558,200,20,"» Murphy, Karen (GBR)",,,315,45-49,01:29:09,03:12:13,,2014
204,201,156,"» Bradley, Scott (GBR)",,,690,18-39,01:19:01,02:40:32,,2014
2568,201,136,"» Spencer, Joanne (GBR)",,,318,18-39,01:33:57,03:12:19,,2014
2579,202,137,"» Neill, Fiona (GBR)",,,29571,18-39,01:33:47,03:12:23,,2014
205,202,32,"» Sturgess-Durden, Luke (GBR)",,,32742,40-44,01:19:12,02:40:33,,2014
206,203,157,"» Bennett, Matthew (GBR)",,,844,18-39,01:10:43,02:40:34,,2014
2580,203,138,"» Young, Liz (GBR)",,,463,18-39,01:32:21,03:12:24,,2014
2585,204,139,"» Brown, Victoria (GBR)",,,445,18-39,01:34:39,03:12:27,,2014
207,204,158,"» Christie, Ross (GBR)",,,805,18-39,01:14:36,02:40:34,,2014
2591,205,21,"» Bergkvist, Christin (SWE)",,,56793,45-49,01:32:01,03:12:31,,2014
209,205,159,"» Webber, Daniel (GBR)",,,32276,18-39,01:18:27,02:40:37,,2014
2595,206,140,"» Hunter, Victoria (GBR)",,,451,18-39,01:32:36,03:12:34,,2014
210,206,160,"» Kindon, Noel (GBR)",,,1096,18-39,01:14:11,02:40:40,,2014
211,207,161,"» Adcock, Matt (GBR)",,,838,18-39,01:14:36,02:40:42,,2014
2596,207,42,"» Hughes, Katie (GBR)",,,442,40-44,01:30:39,03:12:34,,2014
2608,208,22,"» Bugler, Fiona (GBR)",,,280,45-49,01:33:31,03:12:40,,2014
212,208,162,"» Dudden, Thomas (GBR)",,,668,18-39,01:18:04,02:40:42,,2014
213,209,163,"» Beckett, Michael (GBR)",,,898,18-39,01:19:32,02:40:49,,2014
2621,209,141,"» Hardy, Linda (GBR)",,,503,18-39,01:32:45,03:12:49,,2014
214,210,33,"» Hayes, Matthew (GBR)",,,790,40-44,01:15:26,02:40:53,,2014
2634,210,43,"» Pinto, Maria (POR)",,,52561,40-44,01:36:46,03:12:55,,2014
215,211,164,"» Considine, Andrew (IRL)",,,946,18-39,01:19:48,02:40:53,,2014
2642,211,142,"» Parry, Danielle (GBR)",,,29849,18-39,01:33:32,03:12:58,,2014
216,212,165,"» Millar, Lewis (GBR)",,,989,18-39,01:14:35,02:40:59,,2014
2651,212,23,"» Neesam, Kay (GBR)",,,291,45-49,01:33:47,03:13:03,,2014
217,213,166,"» Macdonald, Ross (GBR)",,,1008,18-39,01:17:22,02:41:01,,2014
2653,213,1,"» Wheelhouse, Caroline (GBR)",,,427,55-59,01:35:07,03:13:04,,2014
218,214,167,"» Doran, Tim (GBR)",,,864,18-39,01:20:07,02:41:06,,2014
2659,214,143,"» Wrapson, Yvette (GBR)",,,456,18-39,01:30:15,03:13:07,,2014
219,215,10,"» Groves, Glen (GBR)",,,809,45-49,01:18:35,02:41:08,,2014
2664,215,44,"» Hales, Laura (GBR)",,,161,40-44,01:33:18,03:13:07,,2014
2666,216,45,"» Rockliffe, Jacqueline (GBR)",,,29515,40-44,01:35:40,03:13:07,,2014
220,216,34,"» Whittington, Russell (GBR)",,,693,40-44,01:18:45,02:41:09,,2014
221,217,168,"» Kestle, Ryan (GBR)",,,963,18-39,01:20:07,02:41:10,,2014
2669,217,46,"» Oleary, Amanda (GBR)",,,385,40-44,01:34:49,03:13:09,,2014
222,218,169,"» Gill, Simon (GBR)",,,685,18-39,01:20:47,02:41:10,,2014
2676,218,47,"» Henry, Amanda (GBR)",,,360,40-44,01:32:38,03:13:13,,2014
2678,219,24,"» Crosbie, Orla (IRL)",,,57300,45-49,01:36:27,03:13:14,,2014
223,219,11,"» Symons, David (GBR)",,,1127,45-49,01:20:12,02:41:14,,2014
2690,220,144,"» Gordon, Julie Marie (GBR)",,,163,18-39,01:27:45,03:13:20,,2014
224,220,1,"» Monteiro, Jose (POR)",,,32019,55-59,01:17:31,02:41:17,,2014
2695,221,48,"» Nelson, Joanne (GBR)",,,408,40-44,01:38:35,03:13:20,,2014
225,221,170,"» SURY, THIBAULT (FRA)",,,58293,18-39,01:21:24,02:41:18,,2014
226,222,171,"» Mountford, James (GBR)",,,1069,18-39,01:16:55,02:41:19,,2014
2705,222,145,"» Walsh, Sorrell (GBR)",,,30182,18-39,01:34:49,03:13:24,,2014
2710,223,146,"» Bugler, Eve (GBR)",,,240,18-39,01:34:10,03:13:26,,2014
227,223,12,"» Pattinson, Richard (GBR)",,,33096,45-49,01:18:04,02:41:19,,2014
228,224,35,"» Burton, Stuart (GBR)",,,884,40-44,01:15:25,02:41:21,,2014
2718,224,147,"» Harris, Catherine Elizabeth (GBR)",,,12187,18-39,01:31:04,03:13:30,,2014
2721,225,5,"» Bales, Rowena (GBR)",,,28761,50-54,01:33:27,03:13:30,,2014
229,225,172,"» Reynolds, Andrew (GBR)",,,862,18-39,01:21:21,02:41:23,,2014
230,226,173,"» Poynton, Mattthew (GBR)",,,1105,18-39,01:16:07,02:41:25,,2014
2730,226,148,"» Simmons, Georgiana (GBR)",,,28642,18-39,01:36:06,03:13:35,,2014
231,227,36,"» Leppäkorpi, Timo (FIN)",,,857,40-44,01:19:43,02:41:29,,2014
2737,227,6,"» Scully, Teresa (GBR)",,,488,50-54,01:30:31,03:13:36,,2014
2742,228,49,"» Cliff, Jill (GBR)",,,446,40-44,01:30:22,03:13:39,,2014
232,228,174,"» Gordon, James (IRL)",,,32892,18-39,01:16:31,02:41:34,,2014
233,229,175,"» Barrett, Simon (GBR)",,,34813,18-39,01:22:42,02:41:35,,2014
2743,229,50,"» Whelan, Dionne Terese (GBR)",,,27715,40-44,01:35:22,03:13:39,,2014
2754,230,51,"» Briggs, Ruth (GBR)",,,399,40-44,01:32:35,03:13:43,,2014
234,230,176,"» Kanyane, Patrick Garenakgosi (RSA)",,,27378,18-39,01:15:34,02:41:36,,2014
235,231,37,"» Brace, Simon (GBR)",,,737,40-44,01:19:22,02:41:37,,2014
2757,231,25,"» Glyn-Jones, Sharon (GBR)",,,32775,45-49,01:32:36,03:13:44,,2014
2767,232,52,"» Barbour, Sheila (GBR)",,,30234,40-44,01:36:34,03:13:47,,2014
236,232,177,"» McKenna, Jarlath (GBR)",,,32331,18-39,01:20:20,02:41:37,,2014
237,233,38,"» Aspinall, Nathan (GBR)",,,985,40-44,01:17:00,02:41:39,,2014
2772,233,149,"» Turner, Hannah (GBR)",,,266,18-39,01:32:12,03:13:48,,2014
2782,234,150,"» Dick, Eleanor (GBR)",,,29090,18-39,01:35:06,03:13:52,,2014
238,234,178,"» Nutt, Matthew (GBR)",,,745,18-39,01:16:04,02:41:41,,2014
239,235,179,"» Johnson, Leon (GBR)",,,31289,18-39,01:19:25,02:41:45,,2014
2793,235,151,"» Paterson, Catriona Alison Jane (GBR)",,,3556,18-39,01:33:11,03:13:56,,2014
2799,236,152,"» Pleasence, Caroline (GBR)",,,26812,18-39,01:37:09,03:13:58,,2014
2799,236,26,"» Wait, Debra (GBR)",,,450,45-49,01:32:18,03:13:58,,2014
240,236,180,"» Watt, Dan (GBR)",,,1056,18-39,01:13:51,02:41:47,,2014
241,237,181,"» Bell, Matthew (GBR)",,,1040,18-39,01:13:48,02:41:48,,2014
242,238,182,"» Besson, Nicolas (FRA)",,,32256,18-39,01:18:03,02:41:50,,2014
2802,238,153,"» Kremer, Claire (GBR)",,,492,18-39,01:34:36,03:13:59,,2014
243,239,183,"» Gould, Nicholas (GBR)",,,719,18-39,01:17:30,02:41:54,,2014
2803,239,27,"» Hazlitt, Karen (GBR)",,,409,45-49,01:35:26,03:14:00,,2014
2808,240,154,"» Kennard, Katherine Harriet (GBR)",,,27909,18-39,01:34:29,03:14:01,,2014
244,240,13,"» Marsh, Francis (GBR)",,,951,45-49,01:19:37,02:41:56,,2014
2811,241,155,"» Bosshard, Rachel (GBR)",,,28166,18-39,01:36:17,03:14:02,,2014
245,241,184,"» Walker, Mike (GBR)",,,1167,18-39,01:18:37,02:41:59,,2014
246,242,39,"» Carroll, Stuart (GBR)",,,667,40-44,01:19:32,02:41:59,,2014
2812,242,53,"» King, Sandy (GBR)",,,27803,40-44,01:37:12,03:14:03,,2014
247,243,185,"» Harper, Richard (GBR)",,,1077,18-39,01:13:29,02:41:59,,2014
2814,243,54,"» Ramsay, Emily (GBR)",,,28336,40-44,01:34:05,03:14:05,,2014
248,244,40,"» Fridleifsson, Fridleifur (ISL)",,,58832,40-44,01:16:40,02:42:03,,2014
2817,244,55,"» James, Helen (GBR)",,,392,40-44,01:33:09,03:14:06,,2014
249,245,186,"» Bottone, Michele (ITA)",,,32819,18-39,01:18:32,02:42:05,,2014
2818,245,156,"» Wise, Tina (GBR)",,,29620,18-39,01:34:26,03:14:07,,2014
2819,246,28,"» Ellis, Janine (GBR)",,,493,45-49,01:33:22,03:14:07,,2014
250,246,41,"» Rose, Stephen John (GBR)",,,22620,40-44,01:20:27,02:42:06,,2014
2821,247,157,"» Anthony, Helen (GBR)",,,29364,18-39,01:36:20,03:14:07,,2014
251,247,187,"» Harrison, Daniel (GBR)",,,30862,18-39,01:20:39,02:42:08,,2014
252,248,188,"» Gaunt, Martin (GBR)",,,1178,18-39,01:18:59,02:42:12,,2014
2832,248,29,"» Noble, Linda (GBR)",,,196,45-49,01:35:29,03:14:12,,2014
2838,249,158,"» Khosravi, Maryam (GBR)",,,28744,18-39,01:33:52,03:14:16,,2014
253,249,189,"» McKevitt, Joe (GBR)",,,32014,18-39,01:20:22,02:42:12,,2014
254,250,190,"» Darby, Alan (GBR)",,,891,18-39,01:18:29,02:42:13,,2014
2862,250,56,"» Sandland, Suzanne (GBR)",,,28814,40-44,01:35:07,03:14:26,,2014
255,251,191,"» Green, Martin (GBR)",,,1169,18-39,01:20:39,02:42:15,,2014
2869,251,57,"» Mathie, Dorothy (GBR)",,,29266,40-44,01:36:13,03:14:29,,2014
2874,252,30,"» Coleman, Victoria Danielle (CAN)",,,35607,45-49,01:35:31,03:14:31,,2014
256,252,192,"» Worringham, Mark (GBR)",,,1058,18-39,01:18:49,02:42:16,,2014
2884,253,58,"» Hay, Carolyn (GBR)",,,202,40-44,01:30:48,03:14:35,,2014
257,253,193,"» Hopkins, Stuart (GBR)",,,826,18-39,01:18:37,02:42:16,,2014
2886,254,159,"» Jenkins, Christina Louise (GBR)",,,11265,18-39,01:33:21,03:14:35,,2014
258,254,194,"» Tilford, Stephen (GBR)",,,32012,18-39,01:19:06,02:42:17,,2014
259,255,42,"» Coales, David (GBR)",,,866,40-44,01:18:14,02:42:18,,2014
2912,255,160,"» Owen, Alison (GBR)",,,29166,18-39,01:35:11,03:14:48,,2014
260,256,195,"» Chan, Ho Hin Henry (GBR)",,,32187,18-39,01:20:03,02:42:18,,2014
2917,256,161,"» Tomlin, Emily (GBR)",,,329,18-39,01:34:43,03:14:52,,2014
261,257,43,"» Renz, Justin (USA)",,,56317,40-44,01:19:21,02:42:20,,2014
2920,257,31,"» Worster, Janet (GBR)",,,336,45-49,01:31:30,03:14:52,,2014
2922,258,162,"» Devlin, Niamh (IRL)",,,447,18-39,01:23:42,03:14:53,,2014
262,258,196,"» Mckenna, Jonny (GBR)",,,649,18-39,01:18:45,02:42:20,,2014
2933,259,7,"» Ganose, Beverley (GBR)",,,354,50-54,01:32:43,03:14:57,,2014
263,259,197,"» Lemon, David (GBR)",,,1068,18-39,01:17:52,02:42:23,,2014
2949,260,32,"» Ansell, Linda (GBR)",,,424,45-49,01:34:45,03:15:09,,2014
264,260,14,"» Ibáñez López-Cordón, Jacobo (ESP)",,,1044,45-49,01:20:26,02:42:23,,2014
265,261,198,"» Gumbrill, Stephen (GBR)",,,1194,18-39,01:20:21,02:42:24,,2014
2953,261,163,"» Toms, Faye (GBR)",,,30077,18-39,01:37:59,03:15:10,,2014
266,262,199,"» Paterson, Barry (GBR)",,,682,18-39,01:19:49,02:42:24,,2014
2955,262,164,"» Taylor, Rebecca (GBR)",,,305,18-39,01:36:50,03:15:12,,2014
267,263,200,"» Griggs, Andrew (GBR)",,,1128,18-39,01:19:34,02:42:24,,2014
2956,263,33,"» West, Tracey (GBR)",,,28118,45-49,01:38:20,03:15:12,,2014
2958,264,165,"» Kerr, Amanda (GBR)",,,32434,18-39,01:30:20,03:15:15,,2014
268,264,201,"» O'Connell, Martin (GBR)",,,908,18-39,01:17:42,02:42:29,,2014
269,265,202,"» Elsby, Dominic (GBR)",,,662,18-39,01:17:08,02:42:32,,2014
2964,265,59,"» Gibson, Beverley (GBR)",,,530,40-44,01:36:51,03:15:16,,2014
2990,266,166,"» Baccino, Sara (ITA)",,,29625,18-39,01:34:40,03:15:30,,2014
270,266,44,"» Doyle, Kevin (GBR)",,,744,40-44,01:20:49,02:42:35,,2014
2998,267,167,"» Donges, Sophie (GBR)",,,34252,18-39,01:37:17,03:15:36,,2014
271,267,203,"» Hogan, Sean (GBR)",,,1115,18-39,01:21:13,02:42:35,,2014
272,268,204,"» Grieve, Richard (GBR)",,,32000,18-39,01:20:29,02:42:41,,2014
3002,268,168,"» Lamas, Noelia (GBR)",,,26630,18-39,01:32:38,03:15:37,,2014
273,269,205,"» Muir, Lee (GBR)",,,31197,18-39,01:19:55,02:42:41,,2014
3010,269,34,"» Ryan, Tamatha (GBR)",,,29759,45-49,01:37:31,03:15:41,,2014
274,270,206,"» Pike, John (GBR)",,,24026,18-39,01:17:24,02:42:43,,2014
3014,270,169,"» Wright, Natalie (GBR)",,,274,18-39,01:34:06,03:15:42,,2014
3019,271,60,"» Lopez, Elena Maria Ferreiro (ESP)",,,55755,40-44,01:34:50,03:15:46,,2014
275,271,207,"» Starkey, Oliver (GBR)",,,32615,18-39,01:19:22,02:42:48,,2014
276,272,15,"» Dooley, Mike (GBR)",,,31430,45-49,01:18:59,02:42:49,,2014
3023,272,170,"» Simpson, Sarah (GBR)",,,24363,18-39,01:35:13,03:15:50,,2014
3035,273,171,"» Nealon, Victoria (GBR)",,,30155,18-39,01:38:31,03:15:59,,2014
277,273,16,"» Sparks, Nick (GBR)",,,1039,45-49,01:23:27,02:42:52,,2014
278,274,17,"» McCarter, Dominic (GBR)",,,31216,45-49,01:20:00,02:42:54,,2014
3037,274,172,"» Stretch, Karen (GBR)",,,29052,18-39,01:38:56,03:16:00,,2014
279,275,208,"» Lighting, Peter (GBR)",,,32875,18-39,01:21:25,02:42:57,,2014
3040,275,35,"» Stevens, Clare (GBR)",,,29378,45-49,01:35:56,03:16:01,,2014
3041,276,173,"» Flanagan, Naomi (GBR)",,,29149,18-39,01:37:50,03:16:01,,2014
280,276,18,"» Stocks, Michael (GBR)",,,868,45-49,01:20:07,02:42:58,,2014
3046,277,61,"» Craine, Rosy (IMN)",,,23586,40-44,01:33:53,03:16:04,,2014
281,277,45,"» Gore, Andy (GBR)",,,677,40-44,01:19:43,02:42:58,,2014
282,278,19,"» Green, Graham (GBR)",,,669,45-49,01:22:12,02:43:05,,2014
3053,278,174,"» Gruber, Sarah (GBR)",,,29446,18-39,01:33:59,03:16:08,,2014
283,279,209,"» Gay, Dan (GBR)",,,948,18-39,01:17:21,02:43:08,,2014
3057,279,175,"» Thomas, Natalie Freda (GBR)",,,30023,18-39,01:35:47,03:16:09,,2014
284,280,210,"» Kerry, Edward (GBR)",,,1171,18-39,01:16:57,02:43:09,,2014
3068,280,176,"» McClary, Samantha (GBR)",,,32613,18-39,01:34:18,03:16:19,,2014
285,281,20,"» Pearce, Mike (GBR)",,,1078,45-49,01:21:20,02:43:09,,2014
3069,281,8,"» Roy, Diane (GBR)",,,29535,50-54,01:34:25,03:16:19,,2014
3080,282,177,"» Day, Claire (GBR)",,,355,18-39,01:30:49,03:16:26,,2014
286,282,211,"» van der Land, Cees (NED)",,,31978,18-39,01:22:09,02:43:10,,2014
287,283,212,"» Higgins, Daniel (GBR)",,,834,18-39,01:18:26,02:43:14,,2014
3098,283,36,"» Padrock, Doris Claudia (GER)",,,56495,45-49,01:34:43,03:16:34,,2014
3111,284,178,"» Mansell, Natasha (GBR)",,,464,18-39,01:36:59,03:16:43,,2014
288,284,213,"» Spicer, Neil (GBR)",,,31064,18-39,01:20:59,02:43:15,,2014
3113,285,179,"» Dudgeon, Sarah (GBR)",,,26813,18-39,01:36:20,03:16:44,,2014
289,285,214,"» Jones, David (GBR)",,,31979,18-39,01:20:53,02:43:15,,2014
290,286,46,"» Paton, Colin (GBR)",,,679,40-44,01:19:02,02:43:16,,2014
3118,286,180,"» Talbot, Helen Susan (GBR)",,,22655,18-39,01:34:10,03:16:46,,2014
3134,287,181,"» East, Elinor (GBR)",,,483,18-39,01:37:59,03:16:57,,2014
291,287,215,"» Tindell, Richard (GBR)",,,31225,18-39,01:19:39,02:43:17,,2014
292,288,216,"» Bodman, Daniel (GBR)",,,1166,18-39,01:21:14,02:43:19,,2014
3139,288,182,"» Gray, Tina (NZL)",,,480,18-39,01:34:46,03:16:59,,2014
293,289,217,"» Prince, Elliot (GBR)",,,24709,18-39,01:20:05,02:43:20,,2014
3148,289,183,"» Wilkins, Melanie (GBR)",,,29478,18-39,01:37:17,03:17:03,,2014
3163,290,62,"» Garcia Taboada, Gabriela (MEX)",,,55834,40-44,01:36:59,03:17:13,,2014
294,290,218,"» Riddell, Ryan (GBR)",,,821,18-39,01:15:46,02:43:24,,2014
295,291,219,"» Ruiz-Tagle, Jose Tomas (CHI)",,,56038,18-39,01:18:41,02:43:25,,2014
3165,291,63,"» Williams, Sarah (GBR)",,,28760,40-44,01:37:30,03:17:15,,2014
3178,292,64,"» Mayer, Lucy (GBR)",,,494,40-44,01:34:26,03:17:22,,2014
296,292,220,"» Uff, Chris (GBR)",,,879,18-39,01:18:19,02:43:25,,2014
297,293,221,"» Ince, Mark (GBR)",,,715,18-39,01:21:13,02:43:27,,2014
3180,293,184,"» King, Lorna Jane (GBR)",,,40857,18-39,01:38:07,03:17:23,,2014
298,294,47,"» Hayes, Jacob (GBR)",,,1007,40-44,01:20:17,02:43:29,,2014
3186,294,185,"» Moakes, Laetitia (GBR)",,,29306,18-39,01:36:35,03:17:26,,2014
3189,295,37,"» Malin, Frances (GBR)",,,317,45-49,01:35:43,03:17:27,,2014
299,295,222,"» McCarron, Stephen (GBR)",,,31371,18-39,01:20:30,02:43:29,,2014
300,296,6,"» Hogg, Gerry (GBR)",,,1051,50-54,01:20:42,02:43:31,,2014
3192,296,186,"» Kennedy, Lorna (GBR)",,,22658,18-39,01:36:55,03:17:28,,2014
3197,297,187,"» Gibbons, Carla (GBR)",,,29417,18-39,01:37:59,03:17:31,,2014
301,297,21,"» Pennington, Steven (GBR)",,,32679,45-49,01:22:02,02:43:31,,2014
302,298,223,"» Maddams, Royston (GBR)",,,32245,18-39,01:19:09,02:43:32,,2014
3198,298,188,"» Richardson, Caroline (GBR)",,,29519,18-39,01:37:09,03:17:31,,2014
303,299,224,"» Evison, Ben (GBR)",,,32618,18-39,01:20:17,02:43:33,,2014
3200,299,38,"» Smith, Helen (GBR)",,,29826,45-49,01:37:23,03:17:33,,2014
3216,300,39,"» Eastman, Jacqueline (GBR)",,,29405,45-49,01:35:03,03:17:37,,2014
304,300,225,"» Fuller, Alexis (GBR)",,,33010,18-39,01:23:16,02:43:33,,2014
3221,301,40,"» Archbold, Karen Judith (GBR)",,,27724,45-49,01:37:51,03:17:39,,2014
305,301,226,"» Simkiss, Richard (GBR)",,,1003,18-39,01:19:37,02:43:36,,2014
3229,302,189,"» Burwood, Kelly (GBR)",,,238,18-39,01:36:35,03:17:41,,2014
306,302,227,"» Mccarthy, CHRIS (GBR)",,,1093,18-39,01:19:37,02:43:36,,2014
3232,303,190,"» Dowsley, Anne (GBR)",,,52703,18-39,01:38:02,03:17:43,,2014
307,303,48,"» Sutor, Ken (GBR)",,,32337,40-44,01:20:25,02:43:40,,2014
3240,304,65,"» Hicks, Aislinn (USA)",,,56206,40-44,01:31:14,03:17:47,,2014
308,304,22,"» Rantell, Dave (GBR)",,,32874,45-49,01:20:39,02:43:43,,2014
309,305,49,"» Carre, Chris (GBR)",,,975,40-44,01:19:42,02:43:44,,2014
3259,305,191,"» Shillitoe, Hannah (GBR)",,,30062,18-39,01:35:34,03:17:57,,2014
310,306,228,"» Mellard, Zak (GBR)",,,1197,18-39,01:18:37,02:43:44,,2014
3260,306,192,"» Stone, Serane Louise (GBR)",,,164,18-39,01:26:29,03:17:57,,2014
311,307,50,"» Miller, Graeme (GBR)",,,32180,40-44,01:20:52,02:43:44,,2014
3263,307,193,"» Owens, Katherine (GBR)",,,29349,18-39,01:37:14,03:17:58,,2014
312,308,51,"» Kerrigan, Michael (GBR)",,,32854,40-44,01:21:00,02:43:45,,2014
3264,308,9,"» Ryder, Helen (GBR)",,,29247,50-54,01:35:08,03:18:01,,2014
313,309,229,"» Bowller, Adam (GBR)",,,31682,18-39,01:22:01,02:43:47,,2014
3282,309,194,"» Gibbons, Clare (GBR)",,,47963,18-39,01:37:09,03:18:14,,2014
314,310,230,"» Drane, Kieren (GBR)",,,651,18-39,01:21:11,02:43:47,,2014
3285,310,195,"» Pitt, Jessica Katie Anne (GBR)",,,167,18-39,01:36:35,03:18:15,,2014
315,311,23,"» May, Kev (GBR)",,,720,45-49,01:19:31,02:43:47,,2014
3296,311,41,"» Warner, Julie (GBR)",,,28348,45-49,01:37:21,03:18:19,,2014
3297,312,42,"» SULLIVAN, CARMEL (GBR)",,,201,45-49,01:35:18,03:18:19,,2014
316,312,24,"» Thomas, Stephen (GBR)",,,843,45-49,01:17:48,02:43:51,,2014
3307,313,196,"» Malone, Tara (IRL)",,,29374,18-39,01:36:35,03:18:24,,2014
317,313,25,"» Peart, Dave (GBR)",,,32675,45-49,01:21:08,02:43:52,,2014
3310,314,66,"» Farrall, Ali (GBR)",,,29779,40-44,01:38:11,03:18:25,,2014
318,314,26,"» Ratcliffe, Jonathan Paul (GBR)",,,740,45-49,01:18:35,02:43:53,,2014
3313,315,197,"» Jones, Rebecca L (GBR)",,,28887,18-39,01:37:45,03:18:28,,2014
319,315,52,"» Rowland, Chris (GBR)",,,1024,40-44,01:20:45,02:43:53,,2014
320,316,231,"» Ward, Dave (GBR)",,,32630,18-39,01:20:28,02:43:53,,2014
3318,316,198,"» Yates, Suzanne (GBR)",,,173,18-39,01:35:50,03:18:30,,2014
321,317,232,"» Moulton, Carl (GBR)",,,689,18-39,01:16:12,02:43:54,,2014
3319,317,199,"» Tapping, Amy (GBR)",,,30031,18-39,01:38:11,03:18:30,,2014
3321,318,200,"» Ashe, Lucy (GBR)",,,29837,18-39,01:35:30,03:18:31,,2014
322,318,27,"» Grimes, Dylan (GBR)",,,32917,45-49,01:18:46,02:43:55,,2014
3329,319,201,"» Cordner, Gillian (GBR)",,,28823,18-39,01:37:51,03:18:33,,2014
323,319,233,"» Harris, Benjamin (GBR)",,,717,18-39,01:19:18,02:43:57,,2014
3332,320,10,"» Burgess, Verna (GBR)",,,28626,50-54,01:36:03,03:18:37,,2014
324,320,234,"» Harris, Jonathan (GBR)",,,1135,18-39,01:18:58,02:43:58,,2014
325,321,235,"» Renshaw, Benjamin (GBR)",,,24730,18-39,01:19:18,02:43:59,,2014
3334,321,67,"» Welsh, Catriona (GBR)",,,28983,40-44,01:40:27,03:18:37,,2014
3351,322,43,"» Atkins, Rebecca (GBR)",,,499,45-49,01:37:41,03:18:47,,2014
326,322,236,"» Brown, Euan (GBR)",,,1156,18-39,01:21:57,02:44:00,,2014
3357,323,202,"» Gray, Nikki (GBR)",,,29942,18-39,01:37:54,03:18:48,,2014
327,323,28,"» Martin, Scott (GBR)",,,1052,45-49,01:20:41,02:44:00,,2014
3358,324,44,"» Vitale-Cumper, Giule (GBR)",,,29628,45-49,01:35:43,03:18:49,,2014
328,324,53,"» Westhead, karl (GBR)",,,1131,40-44,01:17:37,02:44:01,,2014
3381,325,203,"» Hall, Izzy De Carteret (GBR)",,,44703,18-39,01:37:37,03:18:59,,2014
329,325,237,"» Wrapson, Stephen (GBR)",,,24488,18-39,01:17:23,02:44:01,,2014
330,326,238,"» Coulson, Phil (GBR)",,,966,18-39,01:21:51,02:44:05,,2014
3385,326,45,"» Morgan, April (GBR)",,,28934,45-49,01:35:27,03:19:00,,2014
3387,327,204,"» Sanders, Katie (GBR)",,,54782,18-39,01:34:38,03:19:02,,2014
331,327,239,"» Wray, Jason Patrick (GBR)",,,49417,18-39,01:20:38,02:44:05,,2014
3392,328,205,"» Biever, Celeste (GBR)",,,29663,18-39,01:37:44,03:19:03,,2014
332,328,240,"» Kelso, Timothy (GBR)",,,31720,18-39,01:22:09,02:44:10,,2014
3393,329,206,"» Forman, Victoria (GBR)",,,28972,18-39,01:34:28,03:19:04,,2014
333,329,241,"» Geraghty, Fiachra (IRL)",,,32485,18-39,01:18:55,02:44:12,,2014
3413,330,68,"» Hollowbread, Becky (GBR)",,,217,40-44,01:33:34,03:19:11,,2014
334,330,242,"» Wright, Andrew (GBR)",,,24012,18-39,01:15:15,02:44:13,,2014
335,331,54,"» Moles, James (GBR)",,,925,40-44,01:19:29,02:44:14,,2014
3415,331,207,"» Pickford, Helen (GBR)",,,155,18-39,01:34:27,03:19:11,,2014
3419,332,208,"» Kilcourse, Elisabeth (GBR)",,,29863,18-39,01:38:39,03:19:14,,2014
336,332,243,"» Rosenbrier, Jonathan (GBR)",,,31856,18-39,01:20:28,02:44:16,,2014
3425,333,209,"» French, Marie (GBR)",,,468,18-39,01:30:11,03:19:17,,2014
337,333,29,"» Thompson, Matthew Joseph (GBR)",,,30961,45-49,01:17:31,02:44:19,,2014
3425,333,209,"» WUJEK, MAGDALENA (POL)",,,29020,18-39,01:37:14,03:19:17,,2014
338,334,244,"» Walker, Mark (GBR)",,,652,18-39,01:20:14,02:44:27,,2014
339,335,55,"» CHAPON, JEAN DAMIEN (FRA)",,,56978,40-44,01:21:50,02:44:28,,2014
3427,335,211,"» McKenzie, Monique (GBR)",,,30134,18-39,01:35:48,03:19:19,,2014
340,336,245,"» Anderson, Daniel (GBR)",,,995,18-39,01:17:28,02:44:28,,2014
3430,336,212,"» Dickinson, Shantha (GBR)",,,216,18-39,01:37:10,03:19:20,,2014
3444,337,46,"» Chaloner, Sarah (GBR)",,,422,45-49,01:36:00,03:19:24,,2014
341,337,246,"» Miller, Chris (GBR)",,,31411,18-39,01:21:15,02:44:28,,2014
3445,338,213,"» Beak, Joanna (GBR)",,,28499,18-39,01:37:00,03:19:25,,2014
342,338,30,"» Tuff, Malcolm (GBR)",,,32523,45-49,01:19:26,02:44:29,,2014
343,339,247,"» Balen, Mischa (GBR)",,,901,18-39,01:20:45,02:44:32,,2014
3464,339,69,"» Hopkins, Pauline Theresa (GBR)",,,48122,40-44,01:35:39,03:19:33,,2014
3470,340,70,"» Hardman, Gina (GBR)",,,29433,40-44,01:32:42,03:19:37,,2014
344,340,31,"» Payne, Paul (GBR)",,,1081,45-49,01:20:53,02:44:33,,2014
345,341,248,"» LAURENT, JEROME (FRA)",,,57135,18-39,01:21:06,02:44:34,,2014
3475,341,71,"» Williams, Heather (GBR)",,,29370,40-44,01:39:44,03:19:38,,2014
3478,342,72,"» Andrews, Emma (GBR)",,,29371,40-44,01:40:17,03:19:41,,2014
346,342,32,"» Burnett, Gary (GBR)",,,691,45-49,01:20:07,02:44:34,,2014
347,343,249,"» Ahmed, Hussein (GBR)",,,697,18-39,01:16:02,02:44:35,,2014
3480,343,73,"» Jackson-Nocker, Vicky Louise (GBR)",,,51394,40-44,01:36:45,03:19:42,,2014
3484,344,214,"» Bates, Sophie (GBR)",,,29108,18-39,01:36:51,03:19:43,,2014
348,344,250,"» McGonagle, Ciaran (IRL)",,,32693,18-39,01:21:27,02:44:35,,2014
3489,345,215,"» Davies, Nicola (GBR)",,,28750,18-39,01:34:41,03:19:45,,2014
349,345,251,"» Macdonald, Christopher (GBR)",,,1089,18-39,01:20:40,02:44:37,,2014
3491,346,47,"» Dobbie, Karen (GBR)",,,29729,45-49,01:40:39,03:19:45,,2014
350,346,252,"» Stokes, Adam (GBR)",,,1116,18-39,01:20:07,02:44:37,,2014
351,347,253,"» Hawkes, Stuart (GBR)",,,32095,18-39,01:20:56,02:44:38,,2014
3506,347,216,"» Lomas, Katie (GBR)",,,29801,18-39,01:34:28,03:19:51,,2014
352,348,254,"» Adams, Thomas (GBR)",,,30859,18-39,01:20:58,02:44:38,,2014
3508,348,217,"» Cole, Michelle (GBR)",,,203,18-39,01:33:34,03:19:51,,2014
353,349,255,"» Lambert, Simon (GBR)",,,31214,18-39,01:23:00,02:44:42,,2014
3525,349,218,"» Rock, Sarah (GBR)",,,29263,18-39,01:37:22,03:20:01,,2014
354,350,256,"» Bryers, Dermot (GBR)",,,32055,18-39,01:22:09,02:44:42,,2014
3533,350,11,"» Jonsson, Maria Ionice (SWE)",,,56818,50-54,01:36:19,03:20:04,,2014
3544,351,219,"» Klohe, Anna Katharina (GBR)",,,18316,18-39,01:34:18,03:20:11,,2014
355,351,257,"» Other, Thomas (GBR)",,,32624,18-39,01:22:42,02:44:43,,2014
3546,352,48,"» Clapham, Susan (GBR)",,,24747,45-49,01:37:36,03:20:12,,2014
356,352,258,"» Rae, Derek (GBR)",,,31249,18-39,01:19:39,02:44:43,,2014
3551,353,220,"» Barnett, Gemma (GBR)",,,415,18-39,01:34:07,03:20:15,,2014
357,353,56,"» Betteley, David (GBR)",,,32032,40-44,01:17:27,02:44:45,,2014
3559,354,221,"» Baillie, Sophie (GBR)",,,28324,18-39,01:35:43,03:20:19,,2014
358,354,259,"» Wurr, Simon (GBR)",,,780,18-39,01:15:09,02:44:48,,2014
3566,355,222,"» Hirons, Sarah (GBR)",,,28882,18-39,01:35:56,03:20:20,,2014
359,355,57,"» Hulbert, Martin (GBR)",,,32377,40-44,01:21:37,02:44:50,,2014
3572,356,223,"» Graham, Amy (GBR)",,,29143,18-39,01:38:45,03:20:24,,2014
360,356,260,"» Kendall, Mark Andrew (GBR)",,,609,18-39,01:20:32,02:44:51,,2014
3573,357,224,"» Berryman, Marie (GBR)",,,29117,18-39,01:36:30,03:20:24,,2014
361,357,33,"» Rabbetts, Mark (GBR)",,,886,45-49,01:21:55,02:44:51,,2014
362,358,261,"» Ives, David Andrew (GBR)",,,920,18-39,01:17:00,02:44:51,,2014
3578,358,225,"» Marvin, Emma (GBR)",,,237,18-39,01:36:31,03:20:27,,2014
363,359,58,"» Mallison, Peter (GBR)",,,1141,40-44,01:18:34,02:44:52,,2014
3582,359,226,"» Stibbs, Cath (GBR)",,,397,18-39,01:33:07,03:20:29,,2014
3588,360,49,"» Aspin, Kath (GBR)",,,257,45-49,01:37:59,03:20:32,,2014
364,360,262,"» Medd, Steven (GBR)",,,31349,18-39,01:22:20,02:44:54,,2014
365,361,263,"» Snell, Ryan (GBR)",,,31056,18-39,01:23:34,02:44:54,,2014
3590,361,74,"» Yates, Rachel Elizabeth (GBR)",,,52240,40-44,01:39:40,03:20:33,,2014
3591,362,227,"» Dadswell, Ruth (GBR)",,,536,18-39,01:39:39,03:20:34,,2014
366,362,59,"» Welling, Stephen (GBR)",,,31478,40-44,01:22:11,02:44:55,,2014
367,363,264,"» Danson, Robert (GBR)",,,32696,18-39,01:20:27,02:44:55,,2014
